-- MySQL dump 10.13  Distrib 8.0.15, for Win64 (x86_64)
--
-- Host: localhost    Database: mypark
-- ------------------------------------------------------
-- Server version	8.0.15

/*!40101 SET @OLD_CHARACTER_SET_CLIENT=@@CHARACTER_SET_CLIENT */;
/*!40101 SET @OLD_CHARACTER_SET_RESULTS=@@CHARACTER_SET_RESULTS */;
/*!40101 SET @OLD_COLLATION_CONNECTION=@@COLLATION_CONNECTION */;
 SET NAMES utf8mb4 ;
/*!40103 SET @OLD_TIME_ZONE=@@TIME_ZONE */;
/*!40103 SET TIME_ZONE='+00:00' */;
/*!40014 SET @OLD_UNIQUE_CHECKS=@@UNIQUE_CHECKS, UNIQUE_CHECKS=0 */;
/*!40014 SET @OLD_FOREIGN_KEY_CHECKS=@@FOREIGN_KEY_CHECKS, FOREIGN_KEY_CHECKS=0 */;
/*!40101 SET @OLD_SQL_MODE=@@SQL_MODE, SQL_MODE='NO_AUTO_VALUE_ON_ZERO' */;
/*!40111 SET @OLD_SQL_NOTES=@@SQL_NOTES, SQL_NOTES=0 */;

--
-- Table structure for table `admin`
--

DROP TABLE IF EXISTS `admin`;
/*!40101 SET @saved_cs_client     = @@character_set_client */;
 SET character_set_client = utf8mb4 ;
CREATE TABLE `admin` (
  `admin_id` int(11) NOT NULL,
  `admin_name` varchar(100) NOT NULL,
  `password` varchar(100) NOT NULL,
  `phone` int(11) DEFAULT NULL,
  `role` int(11) NOT NULL DEFAULT '1' COMMENT '1管理，2用户',
  PRIMARY KEY (`admin_id`)
) ENGINE=InnoDB DEFAULT CHARSET=utf8mb4 COLLATE=utf8mb4_0900_ai_ci;
/*!40101 SET character_set_client = @saved_cs_client */;

--
-- Dumping data for table `admin`
--

LOCK TABLES `admin` WRITE;
/*!40000 ALTER TABLE `admin` DISABLE KEYS */;
INSERT INTO `admin` VALUES (1001,'超管111','$2a$10$4HLerptvNhKXqeGlB72igO7HOo8sOHFtLHf6hU8Ws/nkdcsinPhui',NULL,1);
/*!40000 ALTER TABLE `admin` ENABLE KEYS */;
UNLOCK TABLES;

--
-- Table structure for table `advice`
--

DROP TABLE IF EXISTS `advice`;
/*!40101 SET @saved_cs_client     = @@character_set_client */;
 SET character_set_client = utf8mb4 ;
CREATE TABLE `advice` (
  `id` int(11) NOT NULL AUTO_INCREMENT,
  `content` text NOT NULL,
  `user_id` int(11) NOT NULL,
  `time` datetime DEFAULT CURRENT_TIMESTAMP,
  PRIMARY KEY (`id`)
) ENGINE=InnoDB AUTO_INCREMENT=13 DEFAULT CHARSET=utf8mb4 COLLATE=utf8mb4_0900_ai_ci;
/*!40101 SET character_set_client = @saved_cs_client */;

--
-- Dumping data for table `advice`
--

LOCK TABLES `advice` WRITE;
/*!40000 ALTER TABLE `advice` DISABLE KEYS */;
INSERT INTO `advice` VALUES (1,'11123',2001,NULL),(2,'qqwe111',2001,'2022-04-04 19:51:28'),(5,'sda',2001,'2022-04-04 20:38:33'),(6,'系统也太简陋了吧。。。\n体验极差！！！',2001,'2022-04-05 16:33:43'),(7,'预订功能完善中，预计今晚完成',2001,'2022-04-08 21:36:44'),(8,'发现bug',2001,'2022-04-08 21:39:25'),(9,'以为是Bug,结果参数名写错了',2001,'2022-04-16 18:40:16'),(10,'不行我得投诉一次！！！',2002,'2022-04-17 08:53:41'),(11,'aksda',2012,'2022-05-01 14:26:22'),(12,'投诉测试111',2001,'2022-05-08 14:26:52');
/*!40000 ALTER TABLE `advice` ENABLE KEYS */;
UNLOCK TABLES;

--
-- Table structure for table `notice`
--

DROP TABLE IF EXISTS `notice`;
/*!40101 SET @saved_cs_client     = @@character_set_client */;
 SET character_set_client = utf8mb4 ;
CREATE TABLE `notice` (
  `id` int(11) NOT NULL AUTO_INCREMENT,
  `content` text CHARACTER SET utf8mb4 COLLATE utf8mb4_0900_ai_ci,
  `time` datetime NOT NULL DEFAULT CURRENT_TIMESTAMP,
  `admin_id` int(11) NOT NULL,
  `status` int(11) NOT NULL DEFAULT '0' COMMENT '0正常，1置顶',
  PRIMARY KEY (`id`)
) ENGINE=InnoDB AUTO_INCREMENT=17 DEFAULT CHARSET=utf8mb4 COLLATE=utf8mb4_0900_ai_ci;
/*!40101 SET character_set_client = @saved_cs_client */;

--
-- Dumping data for table `notice`
--

LOCK TABLES `notice` WRITE;
/*!40000 ALTER TABLE `notice` DISABLE KEYS */;
INSERT INTO `notice` VALUES (1,'我正在\r\n	撒旦 是打开ii\r\n就这问题','2022-04-04 12:05:00',1001,0),(10,'sad','2022-04-04 14:37:35',1001,0),(11,'this good','2022-04-04 14:39:30',1001,0),(12,'this good sadda','2022-04-04 14:44:12',1001,0),(13,'晚上七点之后停车场只出不进！！！','2022-04-04 18:15:04',1001,0),(14,'车位订单功能完善中.....','2022-04-10 14:27:43',1001,0),(15,'aasa','2022-05-01 14:29:27',1001,0),(16,'公告发布测试.......','2022-05-08 19:12:52',1001,0);
/*!40000 ALTER TABLE `notice` ENABLE KEYS */;
UNLOCK TABLES;

--
-- Table structure for table `parkinglot`
--

DROP TABLE IF EXISTS `parkinglot`;
/*!40101 SET @saved_cs_client     = @@character_set_client */;
 SET character_set_client = utf8mb4 ;
CREATE TABLE `parkinglot` (
  `parking_lot_id` int(20) NOT NULL AUTO_INCREMENT,
  `parking_lot_name` varchar(100) NOT NULL,
  `status` varchar(100) NOT NULL DEFAULT '0',
  PRIMARY KEY (`parking_lot_id`)
) ENGINE=InnoDB AUTO_INCREMENT=109 DEFAULT CHARSET=utf8mb4 COLLATE=utf8mb4_0900_ai_ci;
/*!40101 SET character_set_client = @saved_cs_client */;

--
-- Dumping data for table `parkinglot`
--

LOCK TABLES `parkinglot` WRITE;
/*!40000 ALTER TABLE `parkinglot` DISABLE KEYS */;
INSERT INTO `parkinglot` VALUES (101,'苏州中心地下停车场','0'),(102,'苏州大学地上停车场','0'),(103,'苏州火车站地上停车场','0');
/*!40000 ALTER TABLE `parkinglot` ENABLE KEYS */;
UNLOCK TABLES;

--
-- Table structure for table `parkingspace`
--

DROP TABLE IF EXISTS `parkingspace`;
/*!40101 SET @saved_cs_client     = @@character_set_client */;
 SET character_set_client = utf8mb4 ;
CREATE TABLE `parkingspace` (
  `parking_space_id` int(20) NOT NULL AUTO_INCREMENT,
  `parking_lot_id` int(20) NOT NULL,
  `status` int(2) NOT NULL DEFAULT '0' COMMENT '车位状态（0空闲，1已预定，2停车中）',
  PRIMARY KEY (`parking_space_id`)
) ENGINE=InnoDB AUTO_INCREMENT=2024 DEFAULT CHARSET=utf8mb4 COLLATE=utf8mb4_0900_ai_ci;
/*!40101 SET character_set_client = @saved_cs_client */;

--
-- Dumping data for table `parkingspace`
--

LOCK TABLES `parkingspace` WRITE;
/*!40000 ALTER TABLE `parkingspace` DISABLE KEYS */;
INSERT INTO `parkingspace` VALUES (1001,101,0),(1003,101,0),(2001,102,0),(2002,102,0),(2003,101,0),(2004,102,0),(2006,101,0),(2007,101,0),(2009,102,0),(2010,101,0),(2014,103,0),(2015,101,0),(2016,103,0),(2017,101,0),(2020,104,0),(2021,104,0),(2022,107,1);
/*!40000 ALTER TABLE `parkingspace` ENABLE KEYS */;
UNLOCK TABLES;

--
-- Table structure for table `parkorder`
--

DROP TABLE IF EXISTS `parkorder`;
/*!40101 SET @saved_cs_client     = @@character_set_client */;
 SET character_set_client = utf8mb4 ;
CREATE TABLE `parkorder` (
  `id` int(20) NOT NULL AUTO_INCREMENT,
  `user_id` int(11) NOT NULL,
  `parking_space_id` int(11) NOT NULL,
  `car_id` varchar(100) NOT NULL,
  `create_time` datetime NOT NULL DEFAULT CURRENT_TIMESTAMP,
  `end_time` datetime DEFAULT NULL,
  `fee` double DEFAULT '0',
  `status` int(11) NOT NULL DEFAULT '0' COMMENT '（0已结束，1已预定，2停车中）',
  `parking_lot_name` varchar(100) DEFAULT NULL,
  PRIMARY KEY (`id`)
) ENGINE=InnoDB AUTO_INCREMENT=105 DEFAULT CHARSET=utf8mb4 COLLATE=utf8mb4_0900_ai_ci;
/*!40101 SET character_set_client = @saved_cs_client */;

--
-- Dumping data for table `parkorder`
--

LOCK TABLES `parkorder` WRITE;
/*!40000 ALTER TABLE `parkorder` DISABLE KEYS */;
INSERT INTO `parkorder` VALUES (2,2001,1003,'苏E99999','2022-04-09 22:37:39','2022-04-17 22:25:12',1920,0,NULL),(5,2001,1003,'苏E99999','2022-04-16 22:09:45','2022-04-17 22:24:56',250,0,NULL),(9,2001,1001,'苏E99999','2022-04-16 22:15:31','2022-04-17 22:25:20',250,0,NULL),(10,2001,1002,'苏E99999','2022-04-16 22:15:43','2022-04-17 22:26:10',250,0,NULL),(16,2002,1003,'苏A00001','2022-04-17 08:52:36','2022-04-17 12:12:19',0,0,NULL),(17,2002,2006,'苏A00001','2022-04-17 09:55:43','2022-04-17 12:12:19',0,0,NULL),(28,2002,2007,'苏A00001','2022-04-17 12:19:51','2022-04-17 04:33:04',0,0,NULL),(29,2002,2006,'苏A00001','2022-04-17 12:19:56','2022-04-17 04:19:59',0,0,NULL),(30,2002,2006,'苏A00001','2022-04-17 12:39:29','2022-04-17 04:39:38',0,0,NULL),(31,2002,2007,'苏A00001','2022-04-17 12:39:35','2022-04-17 04:41:25',0,0,NULL),(32,2002,2003,'苏A00001','2022-04-17 12:43:43','2022-04-17 13:13:09',10,0,NULL),(33,2002,2009,'苏A00001','2022-04-17 12:43:48','2022-04-17 12:43:50',0,0,NULL),(34,2002,2006,'苏A00001','2022-04-17 12:47:29','2022-04-17 12:57:47',0,0,NULL),(35,2002,2007,'苏A00001','2022-04-17 13:28:53','2022-04-17 13:44:08',10,0,NULL),(36,2002,2008,'苏A00001','2022-04-17 13:28:58','2022-04-17 13:31:49',10,0,NULL),(37,2002,2006,'苏A00001','2022-04-17 13:35:19','2022-04-17 13:44:08',10,0,NULL),(38,2002,2006,'苏A00001','2022-04-17 13:35:38','2022-04-17 13:44:08',10,0,NULL),(39,2002,1003,'苏A00001','2022-04-17 13:45:51','2022-04-17 13:44:08',10,0,NULL),(40,2002,2003,'苏A00001','2022-04-17 13:47:57','2022-04-17 13:44:08',10,0,NULL),(41,2002,2001,'苏A00001','2022-04-17 13:48:22','2022-04-17 13:44:08',10,0,NULL),(42,2002,2003,'苏A00001','2022-04-17 13:49:46','2022-04-17 13:44:08',10,0,NULL),(43,2002,2003,'苏A00001','2022-04-17 13:50:07','2022-04-17 13:44:08',10,0,NULL),(44,2002,2009,'苏A00001','2022-04-17 13:50:14','2022-04-17 13:44:08',10,0,NULL),(45,2002,1003,'苏A00001','2022-04-17 13:54:27','2022-04-17 13:54:31',10,0,NULL),(46,2002,1003,'苏A00001','2022-04-17 13:54:36','2022-04-17 19:25:41',60,0,NULL),(47,2002,2007,'苏A00001','2022-04-17 13:54:41','2022-04-17 13:54:44',10,0,NULL),(49,2001,2006,'苏E88888','2022-04-17 22:24:44','2022-04-17 22:25:24',10,0,NULL),(50,2001,2006,'苏E88888','2022-04-17 22:26:16','2022-04-23 18:50:48',1410,0,NULL),(51,2001,1002,'苏E88888','2022-04-23 18:51:28','2022-04-23 18:51:33',10,0,NULL),(52,2001,1002,'苏E88888','2022-04-30 18:04:06','2022-04-30 18:29:38',10,0,NULL),(53,2001,1002,'苏E88888','2022-04-30 18:29:54','2022-04-30 19:49:55',20,0,NULL),(54,2001,2003,'苏E88888','2022-04-30 19:26:41','2022-04-30 19:49:40',10,0,NULL),(55,2001,2009,'苏E88888','2022-04-30 19:31:04','2022-04-30 19:49:30',10,0,NULL),(56,2001,2006,'苏E88888','2022-04-30 19:32:32','2022-04-30 19:49:28',10,0,NULL),(57,2001,2006,'苏E88888','2022-04-30 19:34:24','2022-04-30 19:49:23',10,0,NULL),(58,2001,1002,'苏E88888','2022-04-30 19:50:04','2022-04-30 20:04:10',10,0,NULL),(59,2001,2001,'苏E88888','2022-04-30 20:02:31','2022-04-30 20:04:04',10,0,NULL),(60,2001,1002,'苏E88888','2022-04-30 20:04:19','2022-04-30 20:21:24',10,0,NULL),(61,2001,2003,'苏E88888','2022-04-30 20:05:00','2022-04-30 20:21:23',10,0,NULL),(62,2001,2009,'苏E88888','2022-04-30 20:06:01','2022-04-30 20:21:22',10,0,NULL),(63,2001,2006,'苏E88888','2022-04-30 20:11:32','2022-04-30 20:21:21',10,0,NULL),(64,2001,2001,'苏E88888','2022-04-30 20:13:23','2022-04-30 20:21:20',10,0,NULL),(65,2001,2003,'苏E88888','2022-04-30 20:14:45','2022-04-30 20:21:18',10,0,NULL),(66,2001,2006,'苏E88888','2022-04-30 20:15:40','2022-04-30 20:21:15',10,0,NULL),(67,2001,2006,'苏E88888','2022-04-30 20:16:24','2022-04-30 20:21:14',10,0,NULL),(68,2001,2006,'苏E88888','2022-04-30 20:16:49','2022-04-30 20:21:13',10,0,NULL),(69,2001,2006,'苏E88888','2022-04-30 20:18:45','2022-04-30 20:21:11',10,0,NULL),(70,2001,2006,'苏E88888','2022-04-30 20:19:27','2022-04-30 20:21:10',10,0,NULL),(71,2001,1003,'苏E88888','2022-04-30 20:20:00','2022-04-30 20:21:09',10,0,NULL),(72,2001,2003,'苏E88888','2022-04-30 20:20:28','2022-04-30 20:21:07',10,0,NULL),(73,2001,1003,'苏E88888','2022-04-30 20:20:56','2022-04-30 20:20:59',10,0,NULL),(74,2001,2001,'苏E88888','2022-04-30 20:21:33','2022-04-30 20:21:36',10,0,NULL),(75,2001,1003,'苏E88888','2022-04-30 20:23:18','2022-04-30 20:25:32',10,0,NULL),(76,2001,2001,'苏E88888','2022-04-30 20:24:27','2022-04-30 20:24:33',10,0,NULL),(77,2001,2001,'苏E88888','2022-04-30 20:24:56','2022-04-30 20:25:01',10,0,NULL),(78,2012,1003,'苏E99888','2022-05-01 14:24:41','2022-05-01 14:39:41',10,0,NULL),(79,2012,2001,'苏E99888','2022-05-01 14:25:36','2022-05-01 14:25:47',10,0,NULL),(80,2001,2003,'苏E88888','2022-05-08 15:08:29','2022-05-08 15:23:30',10,0,NULL),(81,2001,2010,'苏E88888','2022-05-08 20:21:53','2022-05-08 20:36:54',10,0,NULL),(83,2012,2006,'苏E99888','2022-05-14 19:40:38','2022-05-14 19:40:43',10,0,NULL),(84,2012,2007,'苏E99888','2022-05-14 19:40:51','2022-05-14 19:40:56',10,0,NULL),(85,2001,2015,'苏E88888','2022-05-14 20:59:51','2022-05-14 21:09:55',10,0,NULL),(86,2001,2002,'苏E88888','2022-05-14 21:06:46','2022-05-14 21:07:05',10,0,'苏州大学地上停车场'),(87,2001,2010,'苏E88888','2022-05-14 21:11:01','2022-05-14 21:11:47',10,0,'苏州中心地下停车场'),(88,2001,2009,'苏E88888','2022-05-14 21:11:05','2022-05-14 21:11:44',10,0,'苏州大学地上停车场'),(89,2001,2016,'苏E88888','2022-05-14 21:11:10','2022-05-14 21:11:45',10,0,'苏州火车站地上停车场'),(90,2001,2014,'苏E88888','2022-05-14 21:11:15','2022-05-14 21:11:42',10,0,'苏州火车站地上停车场'),(91,2001,2002,'苏E88888','2022-05-14 21:11:22','2022-05-14 21:11:41',10,0,'苏州大学地上停车场'),(92,2001,2004,'苏E88888','2022-05-14 21:11:33','2022-05-14 21:11:39',10,0,'苏州大学地上停车场'),(93,2002,2007,'苏A00001','2022-05-14 21:12:15','2022-05-14 21:12:58',10,0,'苏州中心地下停车场'),(94,2002,2003,'苏A00001','2022-05-14 21:12:21','2022-05-14 21:12:55',10,0,'苏州中心地下停车场'),(95,2002,2002,'苏A00001','2022-05-14 21:12:32','2022-05-14 21:12:52',10,0,'苏州大学地上停车场'),(96,2002,2004,'苏A00001','2022-05-14 21:12:38','2022-05-14 21:12:50',10,0,'苏州大学地上停车场'),(97,2002,2014,'苏A00001','2022-05-14 21:12:44','2022-05-14 21:12:48',10,0,'苏州火车站地上停车场'),(98,2012,2007,'苏E99888','2022-05-14 21:13:16','2022-05-14 21:25:30',10,0,'苏州中心地下停车场'),(99,2012,2015,'苏E99888','2022-05-14 21:13:20','2022-05-14 21:25:29',10,0,'苏州中心地下停车场'),(100,2012,2002,'苏E99888','2022-05-14 21:13:25','2022-05-14 21:25:18',10,0,'苏州大学地上停车场'),(101,2012,2014,'苏E99888','2022-05-14 21:13:29','2022-05-14 21:19:23',10,0,'苏州火车站地上停车场'),(102,2012,2016,'苏E99888','2022-05-14 21:13:33','2022-05-14 21:17:28',10,0,'苏州火车站地上停车场'),(103,2012,2004,'苏E99888','2022-05-14 21:13:38','2022-05-14 21:17:17',10,0,'苏州大学地上停车场'),(104,2012,2001,'苏E99888','2022-05-14 21:13:44','2022-05-14 21:15:13',10,0,'苏州大学地上停车场');
/*!40000 ALTER TABLE `parkorder` ENABLE KEYS */;
UNLOCK TABLES;

--
-- Table structure for table `user`
--

DROP TABLE IF EXISTS `user`;
/*!40101 SET @saved_cs_client     = @@character_set_client */;
 SET character_set_client = utf8mb4 ;
CREATE TABLE `user` (
  `user_id` int(10) NOT NULL AUTO_INCREMENT,
  `user_name` varchar(100) DEFAULT '我是车主',
  `password` varchar(100) NOT NULL,
  `email` varchar(100) NOT NULL,
  `role` int(2) NOT NULL DEFAULT '2' COMMENT '用户类型（1管理；2用户）',
  `phone` varchar(11) DEFAULT NULL,
  `car_id` varchar(100) NOT NULL,
  `money` int(11) NOT NULL DEFAULT '0',
  PRIMARY KEY (`user_id`)
) ENGINE=InnoDB AUTO_INCREMENT=2013 DEFAULT CHARSET=utf8mb4 COLLATE=utf8mb4_0900_ai_ci;
/*!40101 SET character_set_client = @saved_cs_client */;

--
-- Dumping data for table `user`
--

LOCK TABLES `user` WRITE;
/*!40000 ALTER TABLE `user` DISABLE KEYS */;
INSERT INTO `user` VALUES (2001,'车主1','$2a$10$4HLerptvNhKXqeGlB72igO7HOo8sOHFtLHf6hU8Ws/nkdcsinPhui','123@163.com',2,'138888888','苏E88888',580),(2002,'用户22','$2a$10$GrwJSb3Fo.cd0u0sSITin.M6W1bPqUn5/S/jgezM1IhEasCp2E6hS','111@qq.com',2,'13333333333','苏A00001',920),(2011,'test1','$2a$10$9v9JSBkmisca/CFQ5.MEMuuiNiK9nCapg0zCCT0uMQVcSmpohIRTe','yimengruhun@163.com',2,'13888888888','苏E99888',0),(2012,'hhhh','$2a$10$7qPHPyGB/43hYD5xx4zqz.4nrZNs97RCxSpgugS4eXxxYY73zNd9u','yimengruhun@163.com',2,'13888888888','苏E99888',-520);
/*!40000 ALTER TABLE `user` ENABLE KEYS */;
UNLOCK TABLES;

--
-- Dumping routines for database 'mypark'
--
/*!40103 SET TIME_ZONE=@OLD_TIME_ZONE */;

/*!40101 SET SQL_MODE=@OLD_SQL_MODE */;
/*!40014 SET FOREIGN_KEY_CHECKS=@OLD_FOREIGN_KEY_CHECKS */;
/*!40014 SET UNIQUE_CHECKS=@OLD_UNIQUE_CHECKS */;
/*!40101 SET CHARACTER_SET_CLIENT=@OLD_CHARACTER_SET_CLIENT */;
/*!40101 SET CHARACTER_SET_RESULTS=@OLD_CHARACTER_SET_RESULTS */;
/*!40101 SET COLLATION_CONNECTION=@OLD_COLLATION_CONNECTION */;
/*!40111 SET SQL_NOTES=@OLD_SQL_NOTES */;

-- Dump completed on 2022-05-17 19:54:52
